priority_rank,official_no,occupation,jurisdictions,naa_2025,rank_2025,male_share_pct,female_share_pct,demand_percentile,fit_score_input,gender_balance_score,coverage_score,market_score,tier,est_penetration_pct,est_arpu_eur,est_annual_revenue_eur,match_quality
1,307,Verkäufer,IH,21585.0,3.0,53.6715311558953,46.30067176279824,99.38271604938271,100,92.62914060690294,100,99.3,Tier 1,5.96,69.0,88766.0,exact/normalized
2,158,Kaufmann für Büromanagement,"IH, öD",21732.0,2.0,28.633874752680256,71.32931486679243,99.69135802469135,100,57.30455988588783,100,98.5,Tier 1,5.93,69.0,88921.0,exact/normalized
3,171,Kaufmann im Einzelhandel,IH,14658.0,7.0,52.92311890306296,46.96091138549696,98.14814814814815,100,94.03779248243401,100,98.2,Tier 1,5.91,69.0,59774.0,exact/normalized
4,144,Industriekaufmann,IH,14097.0,10.0,48.39670828603859,51.57491486946652,97.22222222222221,100,96.82179341657206,100,97.5,Tier 1,5.88,69.0,57194.0,exact/normalized
5,182,Kraftfahrzeugmechatroniker,"Hw, IH",24531.0,1.0,93.78745261098203,6.155476743712038,100.0,100,12.368024132730014,100,97.4,Tier 1,5.87,69.0,99358.0,exact/normalized
6,11,Bankkaufmann,IH,9798.0,12.0,54.49627436970501,45.49351842400735,96.60493827160494,100,90.99724405430234,100,96.8,Tier 1,5.84,69.0,39482.0,exact/normalized
7,67,Fachinformatiker,IH,15072.0,6.0,88.33521332360161,11.5055404419083,98.4567901234568,100,23.170327118306687,100,96.4,Tier 1,5.82,69.0,60526.0,exact/normalized
8,161,Kaufmann für Groß- und Außenhandelsmanagement,IH,9294.0,13.0,62.71113501882732,37.278106508875744,96.29629629629629,100,74.56697149004842,100,96.1,Tier 1,5.8,69.0,37195.0,exact/normalized
9,208,Medizinischer Fachangestellter,FB,17829.0,4.0,6.422121263110663,93.54983453923383,99.07407407407408,90,12.87228672387684,100,95.6,Tier 1,5.78,67.0,69045.0,exact/normalized
10,319,Zahnmedizinischer Fachangestellter,FB,17274.0,5.0,6.1765557163531115,93.80607814761215,98.76543209876543,90,12.370477568740952,100,95.3,Tier 1,5.76,67.0,66664.0,exact/normalized
11,2,"Anlagenmechaniker für Sanitär-, Heizungs- und Klimatechnik","Hw, IH",14523.0,9.0,97.59674975898636,2.348161410274067,97.53086419753086,100,4.751411651287711,100,95.0,Tier 1,5.75,69.0,57620.0,exact/normalized
12,149,Industriemechaniker,IH,10383.0,11.0,94.04796301646923,5.9327747279206395,96.91358024691358,100,11.88481171145142,100,94.7,Tier 1,5.74,69.0,41123.0,exact/normalized
13,61,Elektroniker,Hw,14550.0,8.0,96.79703072376108,3.120489380713451,97.8395061728395,92,6.3234586569523685,100,94.6,Tier 1,5.73,67.0,55859.0,exact/normalized
14,74,Fachkraft für Lagerlogistik,IH,8472.0,14.0,87.0145201274938,12.973674890803919,95.98765432098766,100,25.959154763310124,100,94.4,Tier 1,5.72,69.0,33437.0,exact/normalized
15,178,Koch,IH,7464.0,17.0,74.80905801956318,25.150743668765912,95.06172839506173,100,50.34168564920273,100,94.3,Tier 1,5.72,69.0,29459.0,exact/normalized
16,201,Mechatroniker,IH,8220.0,15.0,93.24899647244861,6.726675586911568,95.67901234567901,100,13.477679114462958,100,93.7,Tier 1,5.68,69.0,32216.0,exact/normalized
17,169,Kaufmann für Versicherungen und Finanzanlagen,IH,5304.0,26.0,57.60603204524034,42.35626767200754,92.28395061728395,100,84.75023562676719,100,93.0,Tier 1,5.65,69.0,20678.0,exact/normalized
18,54,Elektroniker für Betriebstechnik,IH,7371.0,18.0,94.45198046663049,5.50732501356484,94.75308641975309,100,11.05534454693435,100,92.9,Tier 1,5.64,69.0,28685.0,exact/normalized
19,271,Steuerfachangestellter,FB,6480.0,22.0,37.12390063261842,62.845239932109244,93.51851851851852,90,74.27866070050918,100,92.7,Tier 1,5.64,67.0,24487.0,exact/normalized
20,291,Tischler,Hw,7062.0,20.0,78.20422036538733,21.540858235377424,94.1358024691358,92,43.3366378699901,100,92.5,Tier 1,5.62,67.0,26591.0,exact/normalized
21,111,Friseur,,7497.0,16.0,38.28197945845005,61.51794050953715,95.37037037037037,70,76.76403894891291,100,92.4,Tier 1,5.62,63.0,26544.0,exact/normalized
22,191,Maler und Lackierer,Hw,6567.0,21.0,80.88638440450808,18.976545842217483,93.82716049382715,92,38.090161437709405,100,92.1,Tier 1,5.6,67.0,24639.0,exact/normalized
23,89,Fachverkäufer im Lebensmittelhandwerk,IH,4998.0,28.0,31.44628925785157,68.51370274054811,91.66666666666666,100,62.93258651730346,100,91.8,Tier 1,5.59,69.0,19278.0,exact/normalized
24,86,Fachlagerist,IH,5712.0,24.0,90.87725442129224,9.105235510418492,92.90123456790124,100,18.22798108912626,100,91.5,Tier 1,5.58,69.0,21992.0,exact/normalized
25,309,Verwaltungsfachangestellter,,7137.0,19.0,28.34921524663677,71.59473094170403,94.44444444444444,70,56.754484304932745,100,91.0,Tier 1,5.55,63.0,24955.0,exact/normalized
26,70,Fachkraft für Gastronomie,IH,3846.0,34.0,55.49779048609306,44.47621523264882,89.81481481481481,100,88.97842474655576,100,91.0,Tier 1,5.55,69.0,14728.0,exact/normalized
27,166,Kaufmann für Spedition und Logistikdienstleistung,IH,4095.0,33.0,64.5263671875,35.400390625,90.12345679012346,100,70.8740234375,100,90.7,Tier 1,5.54,69.0,15654.0,exact/normalized
28,87,Fachmann für Restaurants und Veranstaltungsgastronomie,IH,3831.0,35.0,39.7911227154047,60.10443864229765,89.50617283950618,100,79.68668407310705,100,90.5,Tier 1,5.52,69.0,14592.0,exact/normalized
29,140,Hotelfachmann,,5955.0,23.0,33.13182199832074,66.78421494542401,93.20987654320987,70,66.34760705289673,100,90.2,Tier 1,5.51,63.0,20672.0,exact/normalized
30,9,Automobilkaufmann,,5406.0,25.0,59.49694840022194,40.48455705566858,92.5925925925926,70,80.98760865544665,100,90.1,Tier 1,5.5,63.0,18732.0,exact/normalized
31,141,Immobilienkaufmann,IH,3528.0,38.0,44.019274376417236,55.980725623582764,88.58024691358025,100,88.03854875283447,100,89.9,Tier 2,5.5,69.0,13389.0,exact/normalized
32,322,Zimmerer,"Hw, IH",4650.0,30.0,92.81720430107528,7.075268817204301,91.0493827160494,100,14.258064516129025,100,89.8,Tier 2,5.49,69.0,17615.0,exact/normalized
33,193,Maschinen- und Anlagenführer,IH,4314.0,31.0,94.85277069325295,5.147229306747044,90.74074074074075,100,10.2944586134941,100,89.4,Tier 2,5.47,69.0,16282.0,exact/normalized
34,44,Dachdecker,Hw,4140.0,32.0,95.19323671497585,4.734299516908213,90.4320987654321,92,9.541062801932355,100,88.4,Tier 2,5.42,67.0,15034.0,exact/normalized
35,112,Gärtner,Lw,5064.0,27.0,78.69693978282329,21.02665350444225,91.9753086419753,68,42.32971372161896,100,88.2,Tier 2,5.41,63.0,17260.0,exact/normalized
36,321,Zerspanungsmechaniker,IH,3717.0,36.0,94.88835082055421,5.05784234597794,89.19753086419753,100,10.169491525423737,100,88.1,Tier 2,5.4,69.0,13850.0,exact/normalized
37,187,Landwirt,Lw,4743.0,29.0,76.33909742724589,23.597638127372417,91.35802469135803,68,47.25854070012653,100,87.9,Tier 2,5.4,63.0,16136.0,exact/normalized
38,210,Metallbauer,Hw,3651.0,37.0,96.1917808219178,3.7260273972602738,88.88888888888889,92,7.534246575342465,100,87.0,Tier 2,5.35,67.0,13087.0,exact/normalized
39,186,Land- und Baumaschinenmechatroniker,"Hw, IH",2976.0,40.0,95.46523345649983,4.4675848169297945,87.96296296296296,100,9.00235136042997,100,87.0,Tier 2,5.35,69.0,10986.0,exact/normalized
40,20,Berufskraftfahrer,IH,2859.0,41.0,92.09513816019587,7.904861839804127,87.65432098765432,100,15.809723679608254,100,87.0,Tier 2,5.35,69.0,10554.0,exact/normalized
41,10,Bäcker,"Hw, IH",2337.0,45.0,75.43859649122807,24.261874197689345,86.41975308641975,100,48.823277706461276,100,86.9,Tier 2,5.35,69.0,8627.0,exact/normalized
42,6,Augenoptiker,Hw,2541.0,44.0,28.835562549173876,70.88906372934697,86.72839506172839,92,57.9464988198269,100,86.7,Tier 2,5.34,67.0,9091.0,exact/normalized
43,16,Bauzeichner,IH,2130.0,50.0,42.60910370717973,57.39089629282027,84.87654320987654,100,85.21820741435945,100,86.7,Tier 2,5.34,69.0,7848.0,exact/normalized
44,288,Tiermedizinischer Fachangestellter,FB,3138.0,39.0,7.488846398980242,92.22434671765456,88.27160493827161,90,15.264499681325688,100,86.5,Tier 2,5.32,67.0,11185.0,exact/normalized
45,198,Maurer,"Hw, IH",2721.0,42.0,97.31716280779126,2.6460859977949283,87.34567901234568,100,5.328923190003664,100,86.4,Tier 2,5.32,69.0,9988.0,exact/normalized
46,173,Kaufmann im Gesundheitswesen,IH,2304.0,47.0,23.297180043383946,76.70281995661605,85.80246913580247,100,46.59436008676789,100,86.3,Tier 2,5.32,69.0,8458.0,exact/normalized
47,92,Fahrzeuglackierer,"Hw, IH",2211.0,49.0,79.1044776119403,20.805065581184984,85.49382716049382,100,41.70058796924469,100,85.9,Tier 2,5.3,69.0,8086.0,exact/normalized
48,287,Tiefbaufacharbeiter,"Hw, IH",2331.0,46.0,98.41337907375643,1.5437392795883362,86.11111111111111,100,3.1303602058319058,100,85.3,Tier 2,5.26,69.0,8460.0,exact/normalized
49,53,Elektroniker für Automatisierungstechnik,IH,2211.0,48.0,91.90777576853526,8.092224231464739,85.49382716049382,100,16.18444846292948,100,85.2,Tier 2,5.26,69.0,8025.0,exact/normalized
50,264,Sozialversicherungsfachangestellter,öD,2604.0,43.0,26.853630426431042,73.14636957356896,87.03703703703704,75,53.70726085286208,100,85.1,Tier 2,5.26,64.0,8766.0,exact/normalized
51,42,Chemikant,IH,1974.0,52.0,87.58236188545362,12.417638114546376,84.25925925925925,100,24.835276229092756,100,84.4,Tier 2,5.22,69.0,7110.0,exact/normalized
52,320,Zahntechniker,Hw,1806.0,54.0,33.62880886426593,66.26038781163435,83.64197530864197,92,67.36842105263159,100,84.3,Tier 2,5.22,67.0,6316.0,exact/normalized
53,40,Chemielaborant,IH,1509.0,64.0,45.195493704440025,54.804506295559975,81.17283950617285,100,90.39098740888005,100,83.7,Tier 2,5.18,69.0,5393.0,exact/normalized
54,180,Konstruktionsmechaniker,IH,1968.0,53.0,95.630081300813,4.319105691056911,83.9506172839506,100,8.689024390243901,100,83.6,Tier 2,5.18,69.0,7034.0,exact/normalized
55,248,Rechtsanwaltsfachangestellter,FB,2040.0,51.0,8.280254777070063,91.2297893189613,84.5679012345679,90,17.05046545810876,100,83.4,Tier 2,5.17,67.0,7066.0,exact/normalized
56,57,Elektroniker für Geräte und Systeme,IH,1701.0,57.0,88.4185773074662,11.581422692533803,83.0246913580247,100,23.162845385067612,100,83.3,Tier 2,5.16,69.0,6056.0,exact/normalized
57,203,Mediengestalter Digital und Print,"Hw, IH",1623.0,61.0,26.970443349753694,72.9064039408867,81.79012345679013,100,54.06403940886699,100,83.1,Tier 2,5.16,69.0,5779.0,exact/normalized
58,200,Mechatroniker für Kältetechnik,"Hw, IH",1788.0,55.0,97.20514253773057,2.7948574622694244,83.33333333333334,100,5.589714924538853,100,83.0,Tier 2,5.15,69.0,6354.0,exact/normalized
59,272,Straßenbauer,"Hw, IH",1674.0,58.0,98.08726838015541,1.852958756724447,82.71604938271605,100,3.76569037656904,100,82.4,Tier 2,5.12,69.0,5914.0,exact/normalized
60,156,Karosserie- und Fahrzeugbaumechaniker,"Hw, IH",1632.0,59.0,95.0337216431637,4.843654199877376,82.4074074074074,100,9.809932556713676,100,82.3,Tier 2,5.12,69.0,5766.0,exact/normalized
61,179,Konditor,Hw,1629.0,60.0,16.82013505217925,83.05709023941068,82.09876543209876,92,33.76304481276857,100,82.0,Tier 2,5.1,67.0,5566.0,exact/normalized
62,299,Veranstaltungskaufmann,IH,1473.0,66.0,30.346232179226067,69.65376782077392,80.24691358024691,100,60.69246435845214,100,82.0,Tier 2,5.1,69.0,5183.0,exact/normalized
63,88,Fachmann für Systemgastronomie,IH,1413.0,68.0,61.18980169971672,38.73937677053824,79.62962962962963,100,77.54957507082153,100,82.0,Tier 2,5.1,69.0,4972.0,exact/normalized
64,78,Fachkraft für Metalltechnik,IH,1509.0,63.0,95.89403973509934,4.039735099337748,81.17283950617285,100,8.145695364238406,100,81.2,Tier 2,5.06,69.0,5269.0,exact/normalized
65,280,Technischer Systemplaner,IH,1386.0,69.0,70.25270758122744,29.67509025270758,79.32098765432099,100,59.422382671480136,100,81.2,Tier 2,5.06,69.0,4839.0,exact/normalized
66,317,Werkzeugmechaniker,IH,1500.0,65.0,92.72848565710473,7.271514342895263,80.55555555555556,100,14.543028685790532,100,80.9,Tier 2,5.05,69.0,5227.0,exact/normalized
67,82,Fachkraft für Veranstaltungstechnik,IH,1275.0,70.0,78.68338557993731,20.454545454545457,79.01234567901234,100,41.771159874608145,100,80.4,Tier 2,5.02,69.0,4416.0,exact/normalized
68,103,Fleischer,"Hw, IH",1419.0,67.0,93.30514446793516,6.624383368569416,79.93827160493827,100,13.319238900634247,100,80.3,Tier 2,5.01,69.0,4905.0,exact/normalized
69,170,Kaufmann im E-Commerce,IH,1191.0,75.0,62.857142857142854,37.05882352941177,77.46913580246914,100,74.2016806722689,100,80.1,Tier 2,5.0,69.0,4109.0,exact/normalized
70,85,Fachkraft Küche,IH,1188.0,76.0,76.91659646166808,23.08340353833193,77.1604938271605,100,46.16680707666385,100,79.0,Tier 2,4.95,69.0,4058.0,exact/normalized
71,47,Drogist,,1512.0,62.0,8.5261070720423,91.4738929279577,81.48148148148148,70,17.052214144084587,100,78.8,Tier 2,4.94,63.0,4706.0,exact/normalized
72,183,Kunststoff- und Kautschuktechnologe,IH,1209.0,73.0,92.9635761589404,7.0364238410596025,78.08641975308642,100,14.072847682119203,100,78.8,Tier 2,4.94,69.0,4121.0,exact/normalized
73,234,Pharmazeutisch-kaufmännischer Angestellter,FB,1233.0,71.0,13.7875101378751,86.13138686131386,78.70370370370371,90,27.656123276561246,100,78.7,Tier 2,4.94,67.0,4081.0,exact/normalized
74,139,Hörakustiker,Hw,1086.0,79.0,42.9097605893186,56.537753222836095,76.23456790123457,92,86.3720073664825,100,78.6,Tier 2,4.93,67.0,3587.0,exact/normalized
75,80,Fachkraft für Schutz und Sicherheit,IH,1155.0,78.0,81.02253032928944,18.977469670710573,76.85185185185185,100,37.95493934142114,100,78.5,Tier 2,4.93,69.0,3929.0,exact/normalized
76,96,Feinwerkmechaniker,Hw,1200.0,74.0,93.5,6.333333333333334,77.77777777777779,92,12.833333333333329,100,77.7,Tier 2,4.88,67.0,3924.0,exact/normalized
77,3,Anlagenmechaniker,IH,1155.0,77.0,96.97231833910035,3.027681660899654,76.85185185185185,100,6.055363321799305,100,77.5,Tier 2,4.88,69.0,3889.0,exact/normalized
78,165,Kaufmann für Marketingkommunikation,IH,960.0,83.0,24.400417101147028,75.59958289885297,75.0,100,48.800834202294055,100,77.2,Tier 2,4.86,69.0,3219.0,exact/normalized
79,324,Zweiradmechatroniker,"Hw, IH",1044.0,81.0,86.67305848513902,13.135186960690318,75.61728395061729,100,26.462128475551296,100,77.1,Tier 2,4.86,69.0,3501.0,exact/normalized
80,50,Eisenbahner im Betriebsdienst Lokführer und Transport,IH,1056.0,80.0,92.22748815165876,7.772511848341232,75.92592592592592,100,15.545023696682478,100,77.0,Tier 2,4.85,69.0,3534.0,exact/normalized
81,292,Tourismuskaufmann,IH,957.0,84.0,17.745302713987474,82.25469728601253,74.69135802469135,100,35.49060542797494,100,76.6,Tier 2,4.83,69.0,3189.0,exact/normalized
82,75,Fachkraft für Lebensmitteltechnik,IH,909.0,88.0,69.8237885462555,30.176211453744493,73.4567901234568,100,60.35242290748899,100,76.2,Tier 2,4.81,69.0,3017.0,exact/normalized
83,132,Hochbaufacharbeiter,"Hw, IH",984.0,82.0,98.47560975609755,1.524390243902439,75.30864197530865,100,3.0487804878048905,100,76.1,Tier 2,4.8,69.0,3259.0,exact/normalized
84,107,Fluggerätmechaniker,IH,924.0,85.0,85.62162162162163,14.270270270270272,74.38271604938271,100,28.648648648648646,100,76.1,Tier 2,4.8,69.0,3060.0,exact/normalized
85,153,IT-System-Elektroniker,,1218.0,72.0,96.38455217748562,3.3689400164338537,78.39506172839506,70,6.984387838948237,100,75.8,Tier 2,4.79,63.0,3676.0,exact/normalized
86,267,Sport- und Fitnesskaufmann,IH,852.0,92.0,63.4232121922626,36.5767878077374,72.22222222222221,100,73.1535756154748,100,75.6,Tier 2,4.78,69.0,2810.0,exact/normalized
87,142,Industrieelektriker,IH,915.0,86.0,93.43544857768052,6.455142231947483,74.07407407407408,100,13.019693654266959,100,75.4,Tier 2,4.77,69.0,3012.0,exact/normalized
88,104,"Fliesen-, Platten- und Mosaikleger","Hw, IH",915.0,86.0,96.49890590809628,3.50109409190372,74.07407407407408,100,7.002188183807448,100,75.2,Tier 2,4.76,69.0,3005.0,exact/normalized
89,51,Eisenbahner in der Zugverkehrssteuerung,IH,867.0,91.0,79.90762124711316,19.97690531177829,72.8395061728395,100,40.06928406466513,100,75.1,Tier 2,4.76,69.0,2848.0,exact/normalized
90,163,Kaufmann für IT-System-Management,IH,867.0,90.0,85.25345622119815,14.631336405529954,72.8395061728395,100,29.3778801843318,100,74.8,Tier 2,4.74,69.0,2836.0,exact/normalized
91,159,Kaufmann für Dialogmarketing,IH,801.0,97.0,38.20224719101123,61.04868913857678,70.98765432098766,100,77.15355805243445,100,74.7,Tier 3,4.74,69.0,2620.0,exact/normalized
92,160,Kaufmann für Digitalisierungsmanagement,IH,780.0,98.0,72.65725288831835,27.214377406931966,70.67901234567901,100,54.55712451861361,100,73.7,Tier 3,4.69,69.0,2524.0,exact/normalized
93,150,Informationselektroniker,Hw,897.0,89.0,96.09375,3.6830357142857144,73.14814814814815,92,7.589285714285708,100,73.6,Tier 3,4.68,67.0,2813.0,exact/normalized
94,256,Schornsteinfeger,Hw,834.0,95.0,84.03361344537815,15.72629051620648,71.60493827160494,92,31.692677070828324,100,73.0,Tier 3,4.65,67.0,2598.0,exact/normalized
95,247,Rechtsanwalts- und Notarfachangestellter,FB,843.0,93.0,7.464454976303317,92.53554502369668,71.91358024691358,90,14.928909952606631,100,72.6,Tier 3,4.63,67.0,2615.0,exact/normalized
96,273,Straßenwärter,"IH, öD",774.0,100.0,93.91979301423027,6.0802069857697285,70.37037037037037,100,12.16041397153947,100,72.2,Tier 3,4.61,69.0,2462.0,exact/normalized
97,12,Baugeräteführer,IH,774.0,99.0,95.09677419354838,4.903225806451613,70.37037037037037,100,9.806451612903231,100,72.1,Tier 3,4.61,69.0,2462.0,exact/normalized
98,308,Vermessungstechniker,"IH, öD",738.0,103.0,78.42605156037992,21.57394843962008,69.1358024691358,100,43.147896879240164,100,72.1,Tier 3,4.61,69.0,2348.0,exact/normalized
99,289,Tierpfleger,IH,690.0,106.0,26.124818577648767,73.58490566037736,68.51851851851852,100,52.53991291727141,100,71.8,Tier 3,4.59,69.0,2185.0,exact/normalized
100,202,Mediengestalter Bild und Ton,IH,660.0,108.0,65.70561456752657,33.8391502276176,67.90123456790124,100,68.13353566009104,100,71.8,Tier 3,4.59,69.0,2090.0,exact/normalized
101,113,Gebäudereiniger,Hw,747.0,102.0,82.46318607764391,17.402945113788487,69.44444444444444,92,34.93975903614458,100,71.3,Tier 3,4.56,67.0,2282.0,exact/normalized
102,105,Florist,IH,717.0,104.0,6.834030683403068,93.02649930264994,68.82716049382715,100,13.807531380753133,100,70.9,Tier 3,4.54,69.0,2246.0,exact/normalized
103,97,Fertigungsmechaniker,IH,657.0,109.0,87.34756097560977,12.652439024390244,67.5925925925926,100,25.30487804878048,100,70.2,Tier 3,4.51,69.0,2045.0,exact/normalized
104,108,Forstwirt,Lw,819.0,96.0,88.4004884004884,11.5995115995116,71.29629629629629,68,23.199023199023202,100,70.1,Tier 3,4.5,63.0,2322.0,exact/normalized
105,73,"Fachkraft für Kurier-, Express- und Postdienstleistungen",IH,567.0,112.0,76.85512367491167,23.14487632508834,66.66666666666666,100,46.28975265017667,100,70.1,Tier 3,4.5,69.0,1761.0,exact/normalized
106,22,Beton- und Stahlbetonbauer,"Hw, IH",582.0,111.0,95.71183533447685,4.288164665523156,66.9753086419753,100,8.57632933104631,100,69.2,Tier 3,4.46,69.0,1791.0,exact/normalized
107,154,Justizfachangestellter,,765.0,101.0,12.810457516339868,87.18954248366013,69.75308641975309,70,25.620915032679733,100,69.1,Tier 3,4.46,63.0,2149.0,exact/normalized
108,84,Fachkraft im Fahrbetrieb,IH,516.0,115.0,83.36557059961315,16.247582205029012,66.0493827160494,100,32.88201160541587,100,69.1,Tier 3,4.46,69.0,1588.0,exact/normalized
109,205,Medientechnologe Druck,"Hw, IH",501.0,118.0,81.67330677290838,18.326693227091635,65.12345679012346,100,36.65338645418326,100,68.5,Tier 3,4.43,69.0,1531.0,exact/normalized
110,224,Orthopädietechnik-Mechaniker,,567.0,112.0,46.28975265017668,53.53356890459364,66.66666666666666,70,92.75618374558303,100,68.4,Tier 3,4.42,63.0,1579.0,exact/normalized
111,7,Ausbaufacharbeiter,"Hw, IH",513.0,116.0,93.37231968810916,6.237816764132553,65.74074074074075,100,12.865497076023388,100,68.3,Tier 3,4.42,69.0,1565.0,exact/normalized
112,219,Notarfachangestellter,,675.0,107.0,17.185185185185183,82.66666666666667,68.20987654320987,70,34.518518518518505,100,68.0,Tier 3,4.4,63.0,1871.0,exact/normalized
113,246,Raumausstatter,Hw,453.0,120.0,32.743362831858406,66.5929203539823,64.50617283950618,92,66.15044247787611,100,68.0,Tier 3,4.4,67.0,1335.0,exact/normalized
114,230,Personaldienstleistungskaufmann,IH,423.0,125.0,40.33018867924528,59.66981132075472,62.96296296296296,100,80.66037735849056,100,67.9,Tier 3,4.4,69.0,1284.0,exact/normalized
115,79,"Fachkraft für Möbel-, Küchen- und Umzugsservice",IH,507.0,117.0,97.83464566929135,2.1653543307086616,65.4320987654321,100,4.330708661417319,100,67.7,Tier 3,4.38,69.0,1532.0,exact/normalized
116,26,Biologielaborant,IH,426.0,124.0,31.76470588235294,68.23529411764706,63.27160493827161,100,63.529411764705884,100,67.7,Tier 3,4.38,69.0,1287.0,exact/normalized
117,116,Gerüstbauer,"Hw, IH",489.0,119.0,98.77049180327869,1.2295081967213115,64.81481481481481,100,2.4590163934426243,100,67.2,Tier 3,4.36,69.0,1471.0,exact/normalized
118,36,Buchhändler,IH,450.0,122.0,11.529933481152993,87.58314855875831,63.888888888888886,100,23.946784922394684,100,67.0,Tier 3,4.35,69.0,1351.0,exact/normalized
119,274,Stuckateur,"Hw, IH",450.0,123.0,90.42316258351893,9.57683741648107,63.888888888888886,100,19.15367483296214,100,66.9,Tier 3,4.35,69.0,1351.0,exact/normalized
120,231,Pferdewirt,Lw,642.0,110.0,10.764430577223088,89.0795631825273,67.28395061728395,68,21.6848673946958,100,66.6,Tier 3,4.33,63.0,1751.0,exact/normalized
121,168,Kaufmann für Verkehrsservice,IH,360.0,131.0,61.495844875346265,38.504155124653735,61.111111111111114,100,77.00831024930747,100,66.3,Tier 3,4.31,69.0,1071.0,exact/normalized
122,118,Gestalter für visuelles Marketing,IH,381.0,126.0,7.068062827225131,92.67015706806284,62.65432098765432,100,14.397905759162299,100,65.7,Tier 3,4.28,69.0,1125.0,exact/normalized
123,126,Gleisbauer,IH,381.0,127.0,96.3157894736842,3.421052631578948,62.65432098765432,100,7.10526315789474,100,65.5,Tier 3,4.28,69.0,1125.0,exact/normalized
124,21,Bestattungsfachkraft,"IH, Hw, öD",351.0,133.0,35.22727272727273,64.77272727272727,60.49382716049383,100,70.45454545454547,100,65.5,Tier 3,4.28,69.0,1037.0,exact/normalized
125,137,Holzmechaniker,IH,375.0,129.0,84.8404255319149,15.159574468085108,61.72839506172839,100,30.31914893617021,100,65.4,Tier 3,4.27,69.0,1105.0,exact/normalized
126,295,Umwelttechnologe für Abwasserbewirtschaftung,"IH, öD",372.0,130.0,83.82749326145552,16.172506738544474,61.419753086419746,100,32.345013477088955,100,65.2,Tier 3,4.26,69.0,1093.0,exact/normalized
127,304,Verfahrenstechnologe Metall,IH,378.0,128.0,97.36147757255937,2.638522427440633,62.03703703703704,100,5.277044854881268,100,64.9,Tier 3,4.25,69.0,1108.0,exact/normalized
128,131,Hauswirtschafter,"Hausw, Lw",453.0,120.0,15.265486725663715,84.51327433628319,64.50617283950618,70,30.75221238938053,100,64.8,Tier 3,4.24,63.0,1210.0,exact/normalized
129,204,Medienkaufmann Digital und Print,IH,312.0,137.0,21.864951768488748,78.13504823151125,59.25925925925925,100,43.7299035369775,100,63.7,Tier 3,4.19,69.0,902.0,exact/normalized
130,270,Steinmetz und Steinbildhauer,Hw,327.0,136.0,74.23312883435584,25.4601226993865,59.876543209876544,92,51.226993865030664,100,63.6,Tier 3,4.18,67.0,916.0,exact/normalized
131,177,Klempner,Hw,360.0,131.0,94.18282548476455,5.540166204986149,61.111111111111114,92,11.3573407202216,100,63.5,Tier 3,4.18,67.0,1008.0,exact/normalized
132,233,Pharmakant,IH,261.0,143.0,54.961832061068705,45.038167938931295,57.407407407407405,100,90.07633587786259,100,63.5,Tier 3,4.18,69.0,753.0,exact/normalized
133,167,Kaufmann für Tourismus und Freizeit,IH,273.0,140.0,31.02189781021898,68.97810218978103,58.333333333333336,100,62.043795620437955,100,63.4,Tier 3,4.17,69.0,786.0,exact/normalized
134,32,Brauer und Mälzer,"Hw, IH",303.0,138.0,84.21052631578947,15.789473684210526,58.95061728395061,100,31.578947368421055,100,63.1,Tier 3,4.16,69.0,870.0,exact/normalized
135,123,Glaser,Hw,336.0,134.0,94.34523809523809,5.654761904761905,60.18518518518518,92,11.309523809523824,100,62.7,Tier 3,4.14,67.0,932.0,exact/normalized
136,300,Verfahrensmechaniker für Beschichtungstechnik,IH,264.0,142.0,81.43939393939394,18.560606060606062,57.71604938271605,100,37.121212121212125,100,62.2,Tier 3,4.11,69.0,749.0,exact/normalized
137,250,Rohrleitungsbauer,IH,294.0,139.0,98.30508474576271,1.3559322033898304,58.64197530864198,100,3.050847457627114,100,61.9,Tier 3,4.1,69.0,832.0,exact/normalized
138,255,Schilder- und Lichtreklamehersteller,Hw,237.0,147.0,53.36134453781513,46.21848739495798,56.17283950617284,92,92.85714285714286,100,61.7,Tier 3,4.09,67.0,649.0,exact/normalized
139,223,Orthopädieschuhmacher,Hw,237.0,149.0,56.355932203389834,43.22033898305085,56.17283950617284,92,86.86440677966101,100,61.6,Tier 3,4.08,67.0,648.0,exact/normalized
140,290,Tierwirt,Lw,270.0,141.0,49.44237918215613,49.814126394052046,58.0246913580247,68,99.62825278810408,100,61.1,Tier 3,4.06,63.0,691.0,exact/normalized
141,263,Servicekraft für Schutz und Sicherheit,IH,237.0,147.0,77.73109243697479,22.268907563025213,56.17283950617284,100,44.53781512605042,100,61.1,Tier 3,4.06,69.0,664.0,exact/normalized
142,297,Umwelttechnologe für Rohrleitungsnetze und Industrieanlagen,"IH, öD",240.0,146.0,97.07112970711297,2.928870292887029,56.481481481481474,100,5.857740585774053,100,60.2,Tier 3,4.01,69.0,664.0,exact/normalized
143,68,Fachkraft Agrarservice,Lw,327.0,135.0,93.90243902439023,5.7926829268292686,59.876543209876544,68,11.890243902439039,100,60.1,Tier 3,4.01,63.0,826.0,exact/normalized
144,225,Packmitteltechnologe,IH,228.0,150.0,85.46255506607929,14.537444933920703,55.24691358024691,100,29.07488986784142,100,59.8,Tier 3,3.99,69.0,628.0,exact/normalized
145,162,Kaufmann für Hotelmanagement,IH,219.0,156.0,32.27272727272727,67.72727272727272,53.70370370370371,100,64.54545454545456,100,59.6,Tier 3,3.98,69.0,601.0,exact/normalized
146,115,Geomatiker,"IH, öD",216.0,157.0,67.12962962962963,32.870370370370374,53.39506172839506,100,65.74074074074073,100,59.4,Tier 3,3.97,69.0,592.0,exact/normalized
147,313,Werkfeuerwehrmann,IH,222.0,154.0,85.52036199095022,14.479638009049776,54.32098765432099,100,28.95927601809956,100,59.0,Tier 3,3.95,69.0,605.0,exact/normalized
148,181,Kosmetiker,IH,225.0,152.0,0.8849557522123894,98.67256637168141,54.93827160493827,100,2.212389380530979,100,58.8,Tier 3,3.94,69.0,612.0,exact/normalized
149,316,Werkstoffprüfer,IH,210.0,160.0,67.61904761904762,31.9047619047619,52.77777777777778,100,64.28571428571428,100,58.8,Tier 3,3.94,69.0,571.0,exact/normalized
150,214,Milchtechnologe,Lw,243.0,145.0,74.3801652892562,25.6198347107438,56.79012345679012,68,51.239669421487605,100,58.6,Tier 3,3.93,63.0,602.0,exact/normalized
151,28,Bodenleger,IH,222.0,154.0,95.92760180995475,4.072398190045249,54.32098765432099,100,8.144796380090497,100,58.4,Tier 3,3.92,69.0,600.0,exact/normalized
152,227,Parkettleger,Hw,225.0,153.0,96.875,3.125,54.93827160493827,92,6.25,100,58.1,Tier 3,3.9,67.0,588.0,exact/normalized
153,298,Umwelttechnologe für Wasserversorgung,,246.0,144.0,92.71255060728745,7.28744939271255,57.098765432098766,70,14.574898785425091,100,58.0,Tier 3,3.9,63.0,604.0,exact/normalized
154,240,Produktionsfachkraft Chemie,IH,213.0,158.0,86.3849765258216,13.615023474178404,53.086419753086425,100,27.2300469483568,100,57.9,Tier 3,3.9,69.0,573.0,exact/normalized
155,254,Schifffahrtskaufmann,IH,198.0,164.0,66.33165829145729,33.66834170854271,51.23456790123457,100,67.33668341708542,100,57.6,Tier 3,3.88,69.0,530.0,exact/normalized
156,90,Fahrradmonteur,"Hw, IH",207.0,161.0,92.23300970873787,7.766990291262135,52.160493827160494,100,15.533980582524265,100,56.8,Tier 3,3.84,69.0,548.0,exact/normalized
157,13,Baustoffprüfer,IH,183.0,166.0,79.12087912087912,20.87912087912088,50.92592592592593,100,41.75824175824175,100,56.5,Tier 3,3.82,69.0,482.0,exact/normalized
158,296,Umwelttechnologe für Kreislauf- und Abfallwirtschaft,"IH, öD",183.0,166.0,80.76923076923077,19.230769230769234,50.92592592592593,100,38.46153846153846,100,56.4,Tier 3,3.82,69.0,482.0,exact/normalized
159,119,Gießereimechaniker,IH,201.0,162.0,99.00497512437812,0.9950248756218906,51.85185185185185,100,1.9900497512437738,100,56.1,Tier 3,3.8,69.0,527.0,exact/normalized
160,318,Winzer,,210.0,159.0,68.72037914691943,31.27962085308057,52.77777777777778,70,62.559241706161146,100,55.7,Tier 3,3.78,63.0,500.0,exact/normalized
161,58,Elektroniker für Informations- und Systemtechnik,IH,180.0,168.0,87.22222222222223,12.777777777777777,50.308641975308646,100,25.555555555555543,100,55.5,Tier 3,3.78,69.0,469.0,exact/normalized
162,226,Papiertechnologe,IH,177.0,169.0,95.48022598870057,4.519774011299435,50.0,100,9.039548022598865,100,54.8,Tier 3,3.74,69.0,457.0,exact/normalized
163,106,Fluggerätelektroniker,IH,174.0,172.0,89.08045977011494,10.919540229885058,49.382716049382715,100,21.839080459770116,100,54.6,Tier 3,3.73,69.0,448.0,exact/normalized
164,311,Wasserbauer,"IH, öD",159.0,173.0,92.45283018867924,7.547169811320755,49.074074074074076,100,15.094339622641513,100,54.2,Tier 3,3.71,69.0,407.0,exact/normalized
165,220,Oberflächenbeschichter,"Hw, IH",150.0,177.0,86.57718120805369,13.422818791946309,48.148148148148145,100,26.845637583892625,100,53.7,Tier 3,3.69,69.0,382.0,exact/normalized
166,52,Elektroanlagenmonteur,IH,153.0,175.0,93.42105263157895,6.578947368421052,48.45679012345679,100,13.15789473684211,100,53.6,Tier 3,3.68,69.0,388.0,exact/normalized
167,213,Mikrotechnologe,IH,138.0,180.0,72.66187050359713,27.33812949640288,46.913580246913575,100,54.67625899280575,100,53.5,Tier 3,3.68,69.0,350.0,exact/normalized
168,30,Bootsbauer,"Hw, IH",141.0,179.0,80.1418439716312,18.439716312056735,47.22222222222222,100,38.29787234042553,100,53.3,Tier 3,3.66,69.0,356.0,exact/normalized
169,293,Trockenbaumonteur,,201.0,163.0,97.5,2.5,51.85185185185185,70,5.0,100,53.2,Tier 3,3.66,63.0,463.0,exact/normalized
170,157,Kaufmann für audiovisuelle Medien,IH,129.0,182.0,26.923076923076923,73.07692307692307,46.2962962962963,100,53.846153846153854,100,53.0,Tier 3,3.65,69.0,325.0,exact/normalized
171,109,Fotograf,Hw,138.0,180.0,30.935251798561154,69.06474820143885,46.913580246913575,92,61.87050359712231,100,52.9,Tier 3,3.64,67.0,337.0,exact/normalized
172,206,Medientechnologe Druckverarbeitung,IH,126.0,183.0,70.39999999999999,29.599999999999998,45.98765432098765,100,59.2,100,52.9,Tier 3,3.64,69.0,316.0,exact/normalized
173,195,Maßschneider,Hw,147.0,178.0,13.698630136986301,84.93150684931507,47.53086419753087,92,28.767123287671225,100,52.5,Tier 3,3.62,67.0,357.0,exact/normalized
174,56,Elektroniker für Gebäudesystemintegration,Hw,150.0,176.0,96.02649006622516,3.9735099337748347,48.148148148148145,92,7.94701986754967,100,52.4,Tier 3,3.62,67.0,364.0,exact/normalized
175,94,Feinoptiker,"Hw, IH",105.0,190.0,54.71698113207547,45.28301886792453,44.135802469135804,100,90.56603773584906,100,52.2,Tier 3,3.61,69.0,262.0,exact/normalized
176,251,Rollladen- und Sonnenschutzmechatroniker,,177.0,170.0,94.31818181818183,5.681818181818182,50.0,70,11.36363636363636,100,51.8,Tier 3,3.59,63.0,400.0,exact/normalized
177,215,Milchwirtschaftlicher Laborant,Lw,156.0,174.0,25.64102564102564,74.35897435897436,48.76543209876543,68,51.28205128205127,100,51.8,Tier 3,3.59,63.0,353.0,exact/normalized
178,235,Physiklaborant,IH,105.0,191.0,63.46153846153846,36.53846153846153,44.135802469135804,100,73.07692307692307,100,51.7,Tier 3,3.59,69.0,260.0,exact/normalized
179,252,Sattler,"Hw, IH",93.0,196.0,47.87234042553192,52.12765957446809,42.592592592592595,100,95.74468085106383,100,51.1,Tier 3,3.56,69.0,228.0,exact/normalized
180,24,Binnenschiffer,IH,108.0,188.0,87.1559633027523,12.844036697247708,44.75308641975309,100,25.688073394495405,100,50.8,Tier 3,3.54,69.0,264.0,exact/normalized
181,134,Holzbearbeitungsmechaniker,IH,111.0,187.0,97.27272727272728,2.727272727272727,45.370370370370374,100,5.454545454545453,100,50.7,Tier 4,3.54,69.0,271.0,exact/normalized
182,155,Kanalbauer,IH,111.0,186.0,97.2972972972973,2.7027027027027026,45.370370370370374,100,5.4054054054054035,100,50.7,Tier 4,3.54,69.0,271.0,exact/normalized
183,199,Mechaniker für Reifen- und Vulkanisationstechnik,Hw,117.0,185.0,94.87179487179486,5.128205128205128,45.67901234567901,92,10.256410256410263,100,50.3,Tier 4,3.52,67.0,276.0,exact/normalized
184,228,Patentanwaltsfachangestellter,FB,108.0,189.0,12.962962962962962,87.03703703703704,44.75308641975309,90,25.925925925925924,100,49.8,Tier 4,3.49,67.0,253.0,exact/normalized
185,260,Servicefachkraft für Dialogmarketing,IH,90.0,202.0,35.95505617977528,64.04494382022472,41.358024691358025,100,71.91011235955057,100,49.3,Tier 4,3.46,69.0,215.0,exact/normalized
186,55,Elektroniker für Gebäude- und Infrastruktursysteme,IH,102.0,193.0,96.03960396039604,3.9603960396039604,43.51851851851852,100,7.920792079207928,100,49.2,Tier 4,3.46,69.0,244.0,exact/normalized
187,303,Verfahrensmechaniker in der Steine- und Erdenindustrie,IH,99.0,194.0,94.0,6.0,43.20987654320987,100,12.0,100,49.1,Tier 4,3.46,69.0,236.0,exact/normalized
188,71,Fachkraft für Hafenlogistik,IH,93.0,200.0,93.47826086956522,6.521739130434782,42.592592592592595,100,13.043478260869563,100,48.6,Tier 4,3.43,69.0,220.0,exact/normalized
189,242,Produktionstechnologe,IH,93.0,199.0,93.54838709677419,6.451612903225806,42.592592592592595,100,12.903225806451616,100,48.6,Tier 4,3.43,69.0,220.0,exact/normalized
190,310,"Wärme-, Kälte- und Schallschutzisolierer","Hw, IH",93.0,196.0,94.68085106382979,5.319148936170213,42.592592592592595,100,10.638297872340416,100,48.5,Tier 4,3.42,69.0,219.0,exact/normalized
191,294,Uhrmacher,"Hw, IH",87.0,203.0,68.18181818181817,31.818181818181817,40.74074074074074,100,63.63636363636364,100,48.5,Tier 4,3.42,69.0,205.0,exact/normalized
192,275,Süßwarentechnologe,,96.0,195.0,60.0,40.0,42.901234567901234,70,80.0,100,47.9,Tier 4,3.4,63.0,206.0,exact/normalized
193,185,Lacklaborant,IH,75.0,208.0,59.210526315789465,40.78947368421053,39.19753086419753,100,81.57894736842107,100,47.8,Tier 4,3.39,69.0,175.0,exact/normalized
194,268,Sportfachmann,IH,75.0,208.0,63.1578947368421,36.84210526315789,39.19753086419753,100,73.68421052631578,100,47.5,Tier 4,3.38,69.0,175.0,exact/normalized
195,23,Betonfertigteilbauer,IH,90.0,201.0,100.0,0.0,41.358024691358025,100,0.0,100,47.2,Tier 4,3.36,69.0,209.0,exact/normalized
196,305,Verfahrenstechnologe Mühlen- und Getreidewirtschaft,"Hw, IH",84.0,204.0,89.28571428571429,10.714285714285714,40.4320987654321,100,21.428571428571416,100,47.0,Tier 4,3.35,69.0,194.0,exact/normalized
197,25,Binnenschifffahrtskapitän,IH,81.0,206.0,86.41975308641975,13.580246913580247,39.81481481481482,100,27.160493827160508,100,46.7,Tier 4,3.34,69.0,187.0,exact/normalized
198,281,Textil- und Modenäher,IH,75.0,210.0,17.56756756756757,82.43243243243244,39.19753086419753,100,35.13513513513513,100,46.4,Tier 4,3.32,69.0,172.0,exact/normalized
199,302,Verfahrensmechaniker Glastechnik,IH,81.0,206.0,95.06172839506173,4.938271604938271,39.81481481481482,100,9.87654320987653,100,46.1,Tier 4,3.3,69.0,184.0,exact/normalized
200,207,Medientechnologe Siebdruck,"Hw, IH",69.0,213.0,67.14285714285714,32.857142857142854,37.65432098765432,100,65.71428571428572,100,46.0,Tier 4,3.3,69.0,157.0,exact/normalized
201,91,Fahrzeuginterieur-Mechaniker,IH,63.0,217.0,50.0,50.0,36.41975308641975,100,100.0,100,46.0,Tier 4,3.3,69.0,143.0,exact/normalized
202,221,Ofen- und Luftheizungsbauer,Hw,84.0,204.0,94.04761904761905,4.761904761904762,40.4320987654321,92,10.714285714285708,100,45.9,Tier 4,3.3,67.0,186.0,exact/normalized
203,262,Servicekaufmann im Luftverkehr,IH,60.0,219.0,43.333333333333336,56.666666666666664,36.11111111111111,100,86.66666666666667,100,45.3,Tier 4,3.26,69.0,135.0,exact/normalized
204,218,Naturwerksteinmechaniker,IH,72.0,211.0,91.54929577464789,8.450704225352112,38.2716049382716,100,16.901408450704224,100,45.0,Tier 4,3.25,69.0,161.0,exact/normalized
205,232,Pflanzentechnologe,Lw,72.0,211.0,50.70422535211267,49.29577464788733,38.2716049382716,68,98.59154929577466,100,44.3,Tier 4,3.22,63.0,146.0,exact/normalized
206,19,Bergbautechnologe,IH,69.0,213.0,98.57142857142858,1.4285714285714286,37.65432098765432,100,2.857142857142847,100,44.1,Tier 4,3.2,69.0,152.0,exact/normalized
207,152,Isolierfacharbeiter,IH,66.0,216.0,89.23076923076924,10.76923076923077,37.03703703703704,100,21.538461538461533,100,44.1,Tier 4,3.2,69.0,146.0,exact/normalized
208,285,Textilreiniger,"Hw, IH",54.0,222.0,64.81481481481481,35.18518518518518,34.876543209876544,100,70.37037037037038,100,43.8,Tier 4,3.19,69.0,119.0,exact/normalized
209,101,Flachglastechnologe,IH,66.0,215.0,96.96969696969697,3.0303030303030303,37.03703703703704,100,6.060606060606062,100,43.7,Tier 4,3.18,69.0,145.0,exact/normalized
210,253,Schädlingsbekämpfer,IH,60.0,220.0,89.83050847457628,10.16949152542373,36.11111111111111,100,20.338983050847446,100,43.3,Tier 4,3.16,69.0,131.0,exact/normalized
211,34,Brunnenbauer,"Hw, IH",60.0,218.0,100.0,0.0,36.11111111111111,100,0.0,100,42.7,Tier 4,3.14,69.0,130.0,exact/normalized
212,143,Industrie-Isolierer,IH,57.0,221.0,94.82758620689656,5.172413793103448,35.18518518518518,100,10.34482758620689,100,42.2,Tier 4,3.11,69.0,122.0,exact/normalized
213,8,Automatenfachmann,IH,51.0,225.0,84.31372549019608,15.686274509803921,34.25925925925926,100,31.372549019607845,100,42.1,Tier 4,3.1,69.0,109.0,exact/normalized
214,222,Orgelbauer,"Hw, IH",42.0,231.0,70.73170731707317,29.268292682926827,33.0246913580247,100,58.536585365853654,100,41.8,Tier 4,3.09,69.0,90.0,exact/normalized
215,5,Aufbereitungsmechaniker,IH,45.0,226.0,88.63636363636364,11.363636363636363,33.641975308641975,100,22.72727272727272,100,41.3,Tier 4,3.06,69.0,95.0,exact/normalized
216,17,Behälter- und Apparatebauer,Hw,54.0,222.0,96.29629629629629,1.8518518518518516,34.876543209876544,92,5.555555555555557,100,41.0,Tier 4,3.05,67.0,110.0,exact/normalized
217,129,Hafenschiffer,IH,45.0,226.0,95.45454545454545,4.545454545454546,33.641975308641975,100,9.090909090909093,100,40.9,Tier 4,3.04,69.0,94.0,exact/normalized
218,194,Maskenbildner,IH,42.0,229.0,7.142857142857142,90.47619047619048,33.0246913580247,100,16.666666666666657,100,40.6,Tier 4,3.03,69.0,88.0,exact/normalized
219,237,Polsterer,IH,39.0,234.0,65.0,35.0,31.17283950617284,100,70.0,100,40.6,Tier 4,3.03,69.0,82.0,exact/normalized
220,133,Holz- und Bautenschützer,"Hw, IH",42.0,229.0,100.0,0.0,33.0246913580247,100,0.0,100,40.1,Tier 4,3.01,69.0,87.0,exact/normalized
221,269,Stanz- und Umformmechaniker,IH,42.0,231.0,100.0,0.0,33.0246913580247,100,0.0,100,40.1,Tier 4,3.01,69.0,87.0,exact/normalized
222,1,Änderungsschneider,"Hw, IH",39.0,234.0,25.0,75.0,31.17283950617284,100,50.0,100,40.0,Tier 4,3.0,69.0,81.0,exact/normalized
223,190,Luftverkehrskaufmann,,42.0,231.0,53.65853658536586,46.34146341463415,33.0246913580247,70,92.6829268292683,100,39.9,Tier 4,3.0,63.0,79.0,exact/normalized
224,282,Textil- und Modeschneider,IH,39.0,234.0,15.0,85.0,31.17283950617284,100,30.0,100,39.4,Tier 4,2.97,69.0,80.0,exact/normalized
225,284,Textillaborant,IH,30.0,242.0,45.16129032258064,54.83870967741935,29.01234567901235,100,90.32258064516128,100,39.4,Tier 4,2.97,69.0,61.0,exact/normalized
226,188,Leichtflugzeugbauer,IH,30.0,244.0,56.666666666666664,43.333333333333336,29.01234567901235,100,86.66666666666667,100,39.3,Tier 4,2.96,69.0,61.0,exact/normalized
227,43,Chirurgiemechaniker,,42.0,228.0,76.74418604651163,23.25581395348837,33.0246913580247,70,46.51162790697674,100,38.5,Tier 4,2.92,63.0,77.0,exact/normalized
228,236,Polster- und Dekorationsnäher,"Hw, IH",36.0,237.0,13.88888888888889,86.11111111111111,30.246913580246915,100,27.77777777777777,100,38.5,Tier 4,2.92,69.0,73.0,exact/normalized
229,176,Klavier- und Cembalobauer,"Hw, IH",27.0,247.0,55.55555555555556,44.44444444444444,27.77777777777778,100,88.88888888888889,100,38.3,Tier 4,2.92,69.0,54.0,exact/normalized
230,241,Produktionsmechaniker-Textil,IH,36.0,239.0,91.42857142857143,8.571428571428571,30.246913580246915,100,17.14285714285714,100,38.2,Tier 4,2.91,69.0,72.0,exact/normalized
231,100,Fischwirt,Lw,51.0,224.0,98.07692307692307,1.9230769230769231,34.25925925925926,68,3.846153846153854,100,38.0,Tier 4,2.9,63.0,93.0,exact/normalized
232,14,Bauwerksabdichter,IH,36.0,237.0,100.0,0.0,30.246913580246915,100,0.0,100,37.7,Tier 4,2.88,69.0,72.0,exact/normalized
233,38,Bühnenmaler und -plastiker,IH,33.0,240.0,11.76470588235294,85.29411764705883,29.32098765432099,100,26.470588235294116,100,37.7,Tier 4,2.88,69.0,66.0,exact/normalized
234,69,Fachkraft für Fruchtsafttechnik,IH,30.0,242.0,93.54838709677419,6.451612903225806,29.01234567901235,100,12.903225806451616,100,37.0,Tier 4,2.85,69.0,59.0,exact/normalized
235,212,Metallblasinstrumentenmacher,"Hw, IH",27.0,252.0,80.76923076923077,19.230769230769234,27.77777777777778,100,38.46153846153846,100,36.8,Tier 4,2.84,69.0,53.0,exact/normalized
236,238,Präzisionswerkzeugmechaniker,Hw,30.0,245.0,96.55172413793103,3.4482758620689653,29.01234567901235,92,6.896551724137936,100,36.1,Tier 4,2.8,67.0,56.0,exact/normalized
237,35,Buchbinder,Hw,27.0,247.0,22.22222222222222,77.77777777777779,27.77777777777778,92,44.444444444444436,100,36.1,Tier 4,2.8,67.0,51.0,exact/normalized
238,121,Glasapparatebauer,"Hw, IH",21.0,258.0,55.00000000000001,45.0,25.0,100,90.0,100,36.0,Tier 4,2.8,69.0,41.0,exact/normalized
239,312,Weintechnologe,"Hw, IH",24.0,255.0,69.56521739130434,30.434782608695656,25.925925925925924,100,60.86956521739131,100,35.9,Tier 4,2.8,69.0,46.0,exact/normalized
240,265,Spezialtiefbauer,IH,27.0,247.0,100.0,0.0,27.77777777777778,100,0.0,100,35.6,Tier 4,2.78,69.0,52.0,exact/normalized
241,110,Fotomedienfachmann,"Hw, IH",21.0,258.0,60.0,40.0,25.0,100,80.0,100,35.6,Tier 4,2.78,69.0,40.0,exact/normalized
242,136,Holzblasinstrumentenmacher,"Hw, IH",21.0,258.0,40.0,60.0,25.0,100,80.0,100,35.6,Tier 4,2.78,69.0,40.0,exact/normalized
243,261,Servicefahrer,IH,24.0,255.0,86.95652173913044,13.043478260869565,25.925925925925924,100,26.086956521739125,100,34.8,Tier 4,2.74,69.0,45.0,exact/normalized
244,244,Produktveredler-Textil,IH,21.0,257.0,77.27272727272727,22.727272727272727,25.0,100,45.45454545454546,100,34.6,Tier 4,2.73,69.0,40.0,exact/normalized
245,164,"Kaufmann für Kurier-, Express- und Postdienstleistungen",IH,18.0,266.0,64.70588235294117,35.294117647058826,23.765432098765434,100,70.58823529411765,100,34.3,Tier 4,2.72,69.0,34.0,exact/normalized
246,249,Revierjäger,Lw,27.0,247.0,70.37037037037037,29.629629629629626,27.77777777777778,68,59.25925925925926,100,34.2,Tier 4,2.71,63.0,46.0,exact/normalized
247,257,Schuhfertiger,IH,18.0,263.0,66.66666666666666,33.33333333333333,23.765432098765434,100,66.66666666666667,100,34.2,Tier 4,2.71,69.0,34.0,exact/normalized
248,81,Fachkraft für Straßen- und Verkehrstechnik,"IH, öD",18.0,263.0,72.22222222222221,27.77777777777778,23.765432098765434,100,55.555555555555564,100,33.9,Tier 4,2.7,69.0,34.0,exact/normalized
249,196,Maßschuhmacher,Hw,18.0,261.0,57.89473684210527,42.10526315789473,23.765432098765434,92,84.21052631578947,100,33.9,Tier 4,2.7,67.0,33.0,exact/normalized
250,37,Büchsenmacher,Hw,24.0,253.0,91.66666666666666,8.333333333333332,25.925925925925924,92,16.66666666666667,100,33.7,Tier 4,2.69,67.0,43.0,exact/normalized
251,62,Estrichleger,,27.0,247.0,100.0,0.0,27.77777777777778,70,0.0,100,32.6,Tier 4,2.63,63.0,45.0,exact/normalized
252,15,Bauwerksmechaniker für Abbruch und Betontrenntechnik,IH,18.0,266.0,94.11764705882352,5.88235294117647,23.765432098765434,100,11.764705882352942,100,32.6,Tier 4,2.63,69.0,33.0,exact/normalized
253,98,Feuerungs- und Schornsteinbauer,"Hw, IH",18.0,261.0,94.73684210526315,5.263157894736842,23.765432098765434,100,10.526315789473685,100,32.5,Tier 4,2.62,69.0,33.0,exact/normalized
254,258,Segelmacher,Hw,15.0,268.0,56.25,43.75,21.604938271604937,92,87.5,100,32.2,Tier 4,2.61,67.0,26.0,exact/normalized
255,174,Keramiker,Hw,18.0,263.0,5.555555555555555,88.88888888888889,23.765432098765434,92,16.66666666666667,100,31.9,Tier 4,2.6,67.0,31.0,exact/normalized
256,45,Destillateur,IH,15.0,268.0,75.0,25.0,21.604938271604937,100,50.0,100,31.9,Tier 4,2.6,69.0,27.0,exact/normalized
257,151,Investmentfondskaufmann,IH,15.0,271.0,85.71428571428571,14.285714285714285,21.604938271604937,100,28.571428571428584,100,31.2,Tier 4,2.56,69.0,26.0,exact/normalized
258,145,Industriekeramiker Anlagentechnik,IH,12.0,273.0,69.23076923076923,30.76923076923077,20.061728395061728,100,61.53846153846155,100,30.9,Tier 4,2.54,69.0,21.0,exact/normalized
259,72,Fachkraft für Holz- und Bautenschutzarbeiten,"Hw, IH",15.0,271.0,92.85714285714286,7.142857142857142,21.604938271604937,100,14.285714285714278,100,30.8,Tier 4,2.54,69.0,26.0,exact/normalized
260,41,Chemielaborjungwerker,IH,12.0,274.0,72.72727272727273,27.27272727272727,20.061728395061728,100,54.54545454545453,100,30.7,Tier 4,2.54,69.0,21.0,exact/normalized
261,148,Industriekeramiker Verfahrenstechnik,IH,12.0,274.0,72.72727272727273,27.27272727272727,20.061728395061728,100,54.54545454545453,100,30.7,Tier 4,2.54,69.0,21.0,exact/normalized
262,18,Berg- und Maschinenmann,IH,15.0,270.0,100.0,0.0,21.604938271604937,100,0.0,100,30.4,Tier 4,2.52,69.0,26.0,exact/normalized
263,48,Edelsteinfasser,IH,9.0,278.0,66.66666666666666,33.33333333333333,19.1358024691358,100,66.66666666666667,100,30.3,Tier 4,2.52,69.0,16.0,exact/normalized
264,125,Glasveredler,"Hw, IH",9.0,281.0,25.0,75.0,19.1358024691358,100,50.0,100,29.8,Tier 4,2.49,69.0,15.0,exact/normalized
265,211,Metallbildner,Hw,9.0,281.0,62.5,37.5,19.1358024691358,92,75.0,100,29.7,Tier 4,2.49,67.0,15.0,exact/normalized
266,138,Holzspielzeugmacher,"Hw, IH",9.0,281.0,12.5,87.5,19.1358024691358,100,25.0,100,29.0,Tier 4,2.45,69.0,15.0,exact/normalized
267,4,Asphaltbauer,IH,9.0,276.0,90.0,10.0,19.1358024691358,100,20.0,100,28.9,Tier 4,2.45,69.0,15.0,exact/normalized
268,259,Seiler,Hw,9.0,278.0,77.77777777777779,22.22222222222222,19.1358024691358,92,44.444444444444436,100,28.8,Tier 4,2.44,67.0,15.0,exact/normalized
269,146,Industriekeramiker Dekorationstechnik,IH,9.0,278.0,0.0,100.0,19.1358024691358,100,0.0,100,28.3,Tier 4,2.42,69.0,15.0,exact/normalized
270,122,Glasbläser,"Hw, IH",6.0,284.0,28.57142857142857,71.42857142857143,16.666666666666664,100,57.14285714285714,100,27.9,Tier 4,2.4,69.0,10.0,exact/normalized
271,301,Verfahrensmechaniker für Brillenoptik,IH,6.0,284.0,71.42857142857143,28.57142857142857,16.666666666666664,100,57.14285714285714,100,27.9,Tier 4,2.4,69.0,10.0,exact/normalized
272,245,Prüftechnologe Keramik,,9.0,276.0,40.0,60.0,19.1358024691358,70,80.0,100,27.7,Tier 4,2.38,63.0,13.0,exact/normalized
273,93,Fassadenmonteur,IH,6.0,288.0,83.33333333333334,16.666666666666664,16.666666666666664,100,33.333333333333314,100,27.2,Tier 4,2.36,69.0,10.0,exact/normalized
274,49,Edelsteinschleifer,"Hw, IH",3.0,294.0,50.0,50.0,13.580246913580247,100,100.0,100,26.5,Tier 4,2.33,69.0,5.0,exact/normalized
275,77,Fachkraft für Lederverarbeitung,IH,3.0,294.0,50.0,50.0,13.580246913580247,100,100.0,100,26.5,Tier 4,2.33,69.0,5.0,exact/normalized
276,83,Fachkraft für Wasserwirtschaft,"IH, öD",3.0,304.0,50.0,50.0,13.580246913580247,100,100.0,100,26.5,Tier 4,2.33,69.0,5.0,exact/normalized
277,135,Holzbildhauer,"Hw, IH",3.0,304.0,50.0,50.0,13.580246913580247,100,100.0,100,26.5,Tier 4,2.33,69.0,5.0,exact/normalized
278,46,Drechsler,Hw,6.0,288.0,83.33333333333334,16.666666666666664,16.666666666666664,92,33.333333333333314,100,26.4,Tier 4,2.32,67.0,9.0,exact/normalized
279,76,Fachkraft für Lederherstellung und Gerbereitechnik,"Hw, IH",6.0,288.0,100.0,0.0,16.666666666666664,100,0.0,100,26.2,Tier 4,2.31,69.0,10.0,exact/normalized
280,95,Feinpolierer,IH,6.0,293.0,0.0,100.0,16.666666666666664,100,0.0,100,26.2,Tier 4,2.31,69.0,10.0,exact/normalized
281,192,Manufakturporzellanmaler,IH,6.0,288.0,0.0,100.0,16.666666666666664,100,0.0,100,26.2,Tier 4,2.31,69.0,10.0,exact/normalized
282,276,Tankwart,IH,6.0,284.0,100.0,0.0,16.666666666666664,100,0.0,100,26.2,Tier 4,2.31,69.0,10.0,exact/normalized
283,306,Vergolder,Hw,6.0,284.0,14.285714285714285,85.71428571428571,16.666666666666664,92,28.571428571428584,100,26.2,Tier 4,2.31,67.0,9.0,exact/normalized
284,209,Metall- und Glockengießer,Hw,3.0,294.0,50.0,50.0,13.580246913580247,92,100.0,100,25.7,Tier 4,2.28,67.0,5.0,exact/normalized
285,124,Glasmacher,IH,3.0,299.0,33.33333333333333,66.66666666666666,13.580246913580247,100,66.66666666666667,100,25.5,Tier 4,2.28,69.0,5.0,exact/normalized
286,217,Musikfachhändler,,6.0,288.0,66.66666666666666,33.33333333333333,16.666666666666664,70,66.66666666666667,100,25.2,Tier 4,2.26,63.0,9.0,exact/normalized
287,27,Biologiemodellmacher,IH,3.0,294.0,25.0,75.0,13.580246913580247,100,50.0,100,25.0,Tier 4,2.25,69.0,5.0,exact/normalized
288,147,Industriekeramiker Modelltechnik,IH,3.0,294.0,25.0,75.0,13.580246913580247,100,50.0,100,25.0,Tier 4,2.25,69.0,5.0,exact/normalized
289,114,Geigenbauer,Hw,3.0,299.0,33.33333333333333,66.66666666666666,13.580246913580247,92,66.66666666666667,100,24.7,Tier 4,2.24,67.0,5.0,exact/normalized
290,216,Modist,"Hw, IH",3.0,304.0,0.0,100.0,13.580246913580247,100,0.0,100,23.5,Tier 4,2.17,69.0,4.0,exact/normalized
291,266,Spielzeughersteller,IH,3.0,304.0,0.0,100.0,13.580246913580247,100,0.0,100,23.5,Tier 4,2.17,69.0,4.0,exact/normalized
292,31,Böttcher,Hw,3.0,304.0,100.0,0.0,13.580246913580247,92,0.0,100,22.7,Tier 4,2.13,67.0,4.0,exact/normalized
293,283,Textilgestalter im Handwerk,Hw,3.0,304.0,0.0,100.0,13.580246913580247,92,0.0,100,22.7,Tier 4,2.13,67.0,4.0,exact/normalized
294,315,Werksteinhersteller,Hw,3.0,299.0,100.0,0.0,13.580246913580247,92,0.0,100,22.7,Tier 4,2.13,67.0,4.0,exact/normalized
295,39,Bürsten- und Pinselmacher,,3.0,299.0,33.33333333333333,66.66666666666666,13.580246913580247,70,66.66666666666667,100,22.5,Tier 4,2.12,63.0,4.0,exact/normalized
296,33,Brenner,"IH, Lw",0.0,,,,8.950617283950617,100,50.0,35,19.8,Tier 4,1.99,69.0,0.0,not found in BIBB rank table
297,59,Elektroniker für Maschinen und Antriebstechnik nach dem Berufsbildungsgesetz,IH,0.0,,,,8.950617283950617,100,50.0,35,19.8,Tier 4,1.99,69.0,0.0,not found in BIBB rank table
298,65,Fachangestellter für Markt- und Sozialforschung,IH,0.0,,,,8.950617283950617,100,50.0,35,19.8,Tier 4,1.99,69.0,0.0,not found in BIBB rank table
299,66,Fachangestellter für Medien- und Informationsdienste,"IH, öD",0.0,,,,8.950617283950617,100,50.0,35,19.8,Tier 4,1.99,69.0,0.0,not found in BIBB rank table
300,99,Figurenkeramformer,IH,0.0,,,,8.950617283950617,100,50.0,35,19.8,Tier 4,1.99,69.0,0.0,not found in BIBB rank table
301,117,Gestalter für immersive Medien,IH,0.0,,,,8.950617283950617,100,50.0,35,19.8,Tier 4,1.99,69.0,0.0,not found in BIBB rank table
302,127,Gold- und Silberschmied,"Hw, IH",0.0,,,,8.950617283950617,100,50.0,35,19.8,Tier 4,1.99,69.0,0.0,not found in BIBB rank table
303,130,Handzuginstrumentenmacher,"Hw, IH",0.0,319.0,,,8.950617283950617,100,50.0,35,19.8,Tier 4,1.99,69.0,0.0,exact/normalized
304,172,Kaufmann im Eisenbahn- und Straßenverkehr,IH,0.0,,,,8.950617283950617,100,50.0,35,19.8,Tier 4,1.99,69.0,0.0,not found in BIBB rank table
305,197,Mathematisch-technischer Softwareentwickler,IH,0.0,,,,8.950617283950617,100,50.0,35,19.8,Tier 4,1.99,69.0,0.0,not found in BIBB rank table
306,229,Pelzveredler,IH,0.0,,,,8.950617283950617,100,50.0,35,19.8,Tier 4,1.99,69.0,0.0,not found in BIBB rank table
307,243,Produktprüfer-Textil,IH,0.0,,,,8.950617283950617,100,50.0,35,19.8,Tier 4,1.99,69.0,0.0,not found in BIBB rank table
308,277,Technischer Konfektionär,IH,0.0,,,,8.950617283950617,100,50.0,35,19.8,Tier 4,1.99,69.0,0.0,not found in BIBB rank table
309,278,Technischer Modellbauer,"Hw, IH",0.0,,,,8.950617283950617,100,50.0,35,19.8,Tier 4,1.99,69.0,0.0,not found in BIBB rank table
310,279,Technischer Produktdesigner,IH,0.0,,,,8.950617283950617,100,50.0,35,19.8,Tier 4,1.99,69.0,0.0,not found in BIBB rank table
311,314,"Werkgehilfe Schmuckwarenindustrie, Taschen- und Armbanduhren",IH,0.0,,,,8.950617283950617,100,50.0,35,19.8,Tier 4,1.99,69.0,0.0,not found in BIBB rank table
312,60,Elektroniker für Maschinen und Antriebstechnik nach der Handwerksordnung,Hw,0.0,,,,8.950617283950617,92,50.0,35,19.0,Tier 4,1.95,67.0,0.0,not found in BIBB rank table
313,120,Glas- und Porzellanmaler,Hw,0.0,,,,8.950617283950617,92,50.0,35,19.0,Tier 4,1.95,67.0,0.0,not found in BIBB rank table
314,102,Flechtwerkgestalter,"Hw, IH",0.0,310.0,0.0,100.0,8.950617283950617,100,0.0,35,18.3,Tier 4,1.92,69.0,0.0,exact/normalized
315,175,Kerzenhersteller und Wachsbildner,"Hw, IH",0.0,310.0,0.0,100.0,8.950617283950617,100,0.0,35,18.3,Tier 4,1.92,69.0,0.0,exact/normalized
316,189,Leuchtröhrenglasbläser,IH,0.0,310.0,100.0,0.0,8.950617283950617,100,0.0,35,18.3,Tier 4,1.92,69.0,0.0,exact/normalized
317,239,Produktgestalter-Textil,IH,0.0,310.0,100.0,0.0,8.950617283950617,100,0.0,35,18.3,Tier 4,1.92,69.0,0.0,exact/normalized
318,286,Thermometermacher,"Hw, IH",0.0,310.0,100.0,0.0,8.950617283950617,100,0.0,35,18.3,Tier 4,1.92,69.0,0.0,exact/normalized
319,29,Bogenmacher,Hw,0.0,310.0,100.0,0.0,8.950617283950617,92,0.0,35,17.5,Tier 4,1.88,67.0,0.0,exact/normalized
320,323,Zupfinstrumentenmacher,Hw,0.0,310.0,0.0,100.0,8.950617283950617,92,0.0,35,17.5,Tier 4,1.88,67.0,0.0,exact/normalized
321,63,Fachangestellter für Arbeitsmarktdienstleistungen,öD,0.0,,,,8.950617283950617,75,50.0,35,17.3,Tier 4,1.87,64.0,0.0,not found in BIBB rank table
322,64,Fachangestellter für Bäderbetriebe,öD,0.0,,,,8.950617283950617,75,50.0,35,17.3,Tier 4,1.87,64.0,0.0,not found in BIBB rank table
323,184,Kürschner,,0.0,319.0,,,8.950617283950617,70,50.0,35,16.8,Tier 4,1.84,63.0,0.0,exact/normalized
324,128,Graveur,,0.0,310.0,100.0,0.0,8.950617283950617,70,0.0,35,15.3,Tier 4,1.76,63.0,0.0,exact/normalized
